id	rate
01001	33.7696573
01003	19.3184726
01005	20.84097171
01007	4.559752683
01009	2.700840095
01011	37.47465226
01013	6.243470213
01015	26.06108574
01017	19.72296719
01019	0.305553252
01021	3.337712557
01023	18.84879045
01025	19.58990819
01027	5.331407536
01029	0.980921025
01031	22.81436775
01033	17.49017262
01035	28.16587217
01037	24.58828961
01039	8.828653377
01041	38.71628362
01043	7.829499986
01045	27.55559062
01047	17.7672232
01049	3.768654688
01051	18.9293027
01053	13.54081837
01055	23.72804055
01057	2.537624813
01059	9.695227066
01061	2.262027074
01063	36.33515715
01065	0.552759256
01067	2.232764366
01069	21.07824739
01071	9.121428088
01073	31.78014638
01075	0.634317065
01077	15.73061247
01079	3.929754751
01081	31.22691212
01083	12.24596772
01085	48.70078709
01087	34.98838683
01089	32.86992604
01091	26.57055501
01093	1.748411426
01095	13.77539769
01097	27.30648439
01099	30.99115176
01101	28.01663708
01103	11.72455584
01105	9.174419598
01107	4.311914592
01109	11.34627515
01111	4.630858868
01113	16.07600463
01115	4.478454797
01117	26.66202209
01119	16.15766189
01121	15.01058377
01123	11.04844935
01125	20.28114089
01127	11.23459251
01129	9.716742409
01131	44.32922518
01133	4.130307166
02013	39.03376221
02016	13.74710627
02020	30.14785441
02050	78.01478363
02060	43.54489164
02068	100.0000007
02070	32.56828352
02090	37.14763806
02100	20.70317871
02105	78.8333137
02110	32.41617287
02122	20.37849871
02130	7.68772136
02150	10.41539951
02158	99.9999996
02164	22.96278229
02170	53.37196625
02180	38.4796783
02185	57.45496574
02188	4.805863212
02195	25.01492516
02198	18.21093133
02220	0.309912579
02230	29.06925794
02240	27.95429569
02261	66.430852
02275	21.55442949
02282	0.380989836
02290	99.99999992
04001	65.36370909
04003	39.30480671
04005	30.2461549
04007	23.90305272
04009	31.33398516
04011	70.60939238
04012	43.32992469
04013	12.89667448
04015	44.14569892
04017	33.10885023
04019	23.68835458
04021	17.34842335
04023	27.52490419
04025	33.2874608
04027	22.35112788
05001	22.07058415
05003	19.86708612
05005	11.99581779
05007	19.69439445
05009	30.01057894
05011	10.9022319
05013	65.34407711
05015	8.595425926
05017	5.098911596
05019	9.14315047
05021	10.4184871
05023	13.65534521
05025	24.50199472
05027	17.94562472
05029	21.16140836
05031	25.01992385
05033	21.10029818
05035	12.02525227
05037	16.49207295
05039	18.80702234
05041	30.21340131
05043	19.04793434
05045	25.3354439
05047	10.44710184
05049	18.94785192
05051	31.5152154
05053	11.87738791
05055	22.0622799
05057	24.48189867
05059	18.28689403
05061	14.70633792
05063	18.68287629
05065	5.915955073
05067	13.79417844
05069	17.02871569
05071	9.079602613
05073	21.10786747
05075	25.2468503
05077	31.42302305
05079	34.33329472
05081	6.553645475
05083	13.75091609
05085	19.04327361
05087	26.10979767
05089	13.54336579
05091	25.25013973
05093	12.9129579
05095	12.5199122
05097	23.55457289
05099	26.38365578
05101	35.2911202
05103	28.13439925
05105	10.60318096
05107	36.96119237
05109	19.49343402
05111	11.37709652
05113	36.84237776
05115	14.15994725
05117	6.140059081
05119	30.56268833
05121	30.66436697
05123	30.2447463
05125	22.42279639
05127	17.84182615
05129	33.26074963
05131	14.30455514
05133	33.93474541
05135	20.67817836
05137	24.49120092
05139	21.69830182
05141	12.85578557
05143	19.91554346
05145	14.30292762
05147	5.328619575
05149	7.529794906
06001	10.62225976
06003	55.54007958
06005	12.49745794
06007	22.15873432
06009	8.572989522
06011	8.268281955
06013	19.63936397
06015	27.10749168
06017	27.92789125
06019	12.21254977
06021	12.91099104
06023	16.3258577
06025	16.14699528
06027	41.13536733
06029	15.25257904
06031	21.39694941
06033	17.60234522
06035	48.30437547
06037	6.24792472
06039	19.82276297
06041	16.40030773
06043	17.29098374
06045	18.00113562
06047	14.30604459
06049	35.75302967
06051	47.97131742
06053	11.91203993
06055	14.14266699
06057	23.93614616
06059	7.327899242
06061	15.2128237
06063	7.685524702
06065	19.81973274
06067	13.40904786
06069	17.66431369
06071	22.31091595
06073	14.75500337
06075	3.314855428
06077	11.37874379
06079	17.05369486
06081	11.50350037
06083	13.79199028
06085	9.546311286
06087	16.15218701
06089	23.05561648
06091	88.117997
06093	19.57463289
06095	22.3832169
06097	16.4182066
06099	13.40998273
06101	35.26937707
06103	15.70601185
06105	16.81663539
06107	14.2989768
06109	28.00537288
06111	15.45978741
06113	9.397743241
06115	20.77202787
08001	14.88800421
08003	6.629492393
08005	17.00350125
08007	22.68510009
08009	25.21711998
08011	25.69054192
08013	15.56967544
08014	14.99601043
08015	7.634906233
08017	33.85905532
08019	13.89639105
08021	5.617444267
08023	99.94345096
08025	53.48494482
08027	24.73748834
08029	4.382813431
08031	14.2490877
08033	20.04194862
08035	18.54246987
08037	15.26727842
08039	27.67687657
08041	29.57901701
08043	31.82562507
08045	19.58082815
08047	0
08049	19.41372924
08051	12.04265603
08053	99.99977709
08055	36.99060048
08057	27.42291929
08059	24.25783103
08061	100.0000003
08063	26.05669242
08065	69.94044728
08067	14.82570297
08069	22.44743493
08071	39.86186218
08073	22.9279831
08075	20.19117368
08077	31.56252908
08079	95.74916581
08081	23.4034186
08083	17.20991951
08085	19.71724535
08087	11.84562774
08089	30.61622417
08091	7.305233177
08093	58.51952672
08095	32.87674419
08097	10.25502137
08099	30.22098847
08101	42.15226508
08103	8.61070911
08105	5.809920513
08107	25.76822479
08109	97.63140604
08111	99.24281023
08113	9.42172322
08115	18.8588291
08117	28.96275884
08119	25.63400497
08121	51.62086852
08123	15.32715592
08125	22.9069798
09001	28.63994799
09003	31.45319956
09005	15.825265
09007	33.42538324
09009	29.2638496
09011	28.66349866
09013	32.76520257
09015	18.7119355
10001	19.18531652
10003	30.64007153
10005	17.28331359
11001	2.820351831
12001	19.8376033
12003	33.75930767
12005	36.36517255
12007	5.7057773
12009	39.70752831
12011	11.23910155
12013	25.6831139
12015	42.68678601
12017	29.55600693
12019	23.10146634
12021	27.99854527
12023	16.55158741
12027	11.22468624
12029	6.086097127
12031	24.90595841
12033	39.90845631
12035	35.07434727
12037	3.236609894
12039	10.37663966
12041	0.584611663
12043	22.78770095
12045	16.01671991
12047	22.08797749
12049	31.45177896
12051	24.30410551
12053	32.6146443
12055	37.40416543
12057	25.18524178
12059	18.63743132
12061	46.04855634
12063	6.813814061
12065	16.25782084
12067	7.862633634
12069	30.32687076
12071	27.99301038
12073	31.02665858
12075	9.692056821
12077	25.95246862
12079	22.25993363
12081	23.04345642
12083	25.1009087
12085	32.26954619
12086	6.517174473
12087	33.71170492
12089	24.75151531
12091	35.10555743
12093	43.68907356
12095	19.5823161
12097	19.75189764
12099	20.47992065
12101	22.25915266
12103	17.54819262
12105	31.59059765
12107	24.70446077
12109	25.24720225
12111	35.52818517
12113	41.03297572
12115	27.70305403
12117	32.4554527
12119	10.59251809
12121	17.27902077
12123	23.65765468
12125	24.51471805
12127	30.3518897
12129	1.186840798
12131	18.88090249
12133	46.30717214
13001	20.04543578
13003	22.98593596
13005	7.105429172
13007	76.83899506
13009	18.00135291
13011	9.928318047
13013	14.70597759
13015	33.40775978
13017	22.3367477
13019	13.80808038
13021	22.80100179
13023	7.311849997
13025	15.39296629
13027	8.342279466
13029	13.97242715
13031	15.38156316
13033	9.585765661
13035	4.067590888
13037	13.90728781
13039	36.22940832
13043	6.296376637
13045	24.89709248
13047	39.48714229
13049	29.72242376
13051	19.7673124
13053	76.78459455
13055	7.252005281
13057	29.72309173
13059	36.5715357
13061	1.579574186
13063	39.62701801
13065	7.346969565
13067	40.43635923
13069	15.97783915
13071	18.63282245
13073	16.61082391
13075	12.42258121
13077	25.35984248
13079	0.073810819
13081	28.24140912
13083	4.078078801
13085	0
13087	15.53797568
13089	26.25477468
13091	2.020542759
13093	33.46837266
13095	41.67101056
13097	31.81906578
13099	9.71812164
13101	4.816652276
13103	12.15109662
13105	14.62026551
13107	29.40662047
13109	5.552278163
13111	0.12003324
13113	40.27974952
13115	22.84726311
13117	29.3232645
13119	3.236985091
13121	21.66605686
13123	3.740518905
13125	70.25801692
13127	27.45866705
13129	12.86598772
13131	10.53127453
13133	3.776315579
13135	32.37630726
13137	21.10614477
13139	28.58933233
13141	24.42217131
13143	3.818402828
13145	0.653025001
13147	3.300249909
13149	3.556356724
13151	34.6483358
13153	36.22165694
13155	7.107651571
13157	0.966266206
13159	6.593035196
13161	12.67482504
13163	1.985439739
13165	12.39469882
13167	21.93587671
13169	6.774953024
13171	5.547309138
13173	4.948333314
13175	9.891715487
13177	19.10826548
13179	39.08782495
13181	5.587882783
13183	10.49211069
13185	21.0074627
13187	1.233568686
13189	9.430882634
13191	8.781762784
13193	17.4352992
13195	2.84453942
13197	92.57471518
13199	1.46123006
13201	3.657181194
13205	20.40604778
13207	10.69661155
13209	11.78746114
13211	19.97276464
13213	14.30107123
13215	32.89591898
13217	25.56735791
13219	29.60113336
13221	4.520941873
13223	23.90002572
13225	21.22063055
13227	6.160469033
13229	12.1408112
13231	0
13233	11.4170323
13235	10.09267011
13237	3.491535873
13239	34.69982252
13241	0.711715276
13243	6.099925632
13245	33.56191824
13247	46.76858172
13249	0.885446275
13251	21.45481756
13253	7.338986731
13255	17.03695841
13257	10.27608851
13259	17.07464938
13261	22.63038059
13263	4.454966696
13265	68.93922856
13267	3.739851209
13269	7.329927472
13271	8.301390099
13273	1.247280029
13275	26.9298828
13277	9.788624038
13279	16.67563627
13281	0.01057971
13283	14.70382447
13285	14.70940086
13287	8.103213424
13289	1.080899219
13291	0.034458967
13293	18.15464561
13295	25.4041958
13297	18.4681339
13299	37.48161349
13301	1.482010287
13303	26.59857756
13305	28.28373137
13307	1.999833772
13309	0.16167841
13311	0
13313	26.99146799
13315	0.742096487
13317	30.59097233
13319	21.12622337
13321	11.30206296
15001	37.19963446
15003	19.83099575
15007	0
15009	42.04040651
16001	36.00932696
16003	18.32060918
16005	10.669243
16007	30.41278507
16009	25.87994814
16011	27.82064879
16013	20.5050795
16015	28.56037233
16017	90.02735139
16019	18.71656354
16021	23.72221835
16023	18.3300558
16025	20.93270608
16027	99.99999944
16029	21.03727733
16031	31.45488825
16033	23.52161613
16035	100.0000006
16037	22.01388737
16039	21.97150523
16041	34.43449955
16043	7.18842318
16045	12.48949621
16047	36.81070112
16049	13.03743574
16051	34.32711395
16053	11.66057889
16055	21.97133107
16057	24.9283185
16059	15.53462629
16061	41.71305666
16063	48.48837721
16065	97.42763043
16067	17.60076734
16069	12.63651905
16071	17.80878952
16073	11.45665768
16075	17.84085632
16077	23.89957682
16079	13.88168606
16081	4.323936047
16083	8.91060568
16085	9.356206898
16087	18.04935261
17001	20.91342558
17003	15.6553845
17005	46.84214142
17007	11.71199872
17009	16.73399871
17011	27.53991941
17013	35.68761914
17015	15.56685315
17017	11.96714225
17019	10.76064393
17021	14.63565073
17023	10.06403888
17025	8.673801026
17027	15.44332998
17029	11.08663177
17031	14.8425558
17033	7.992797225
17035	14.7700007
17037	0.831333691
17039	25.11849579
17041	4.324687898
17043	9.865965972
17045	27.31796236
17047	36.3108662
17049	18.49959986
17051	17.11233227
17053	32.10517643
17055	18.34512484
17057	11.16014066
17059	12.44705025
17061	86.88582599
17063	1.871717252
17065	18.22927662
17067	18.29381406
17069	53.41705755
17071	23.72767772
17073	1.390885103
17075	18.72207177
17077	14.09073792
17079	23.64813566
17081	15.50838825
17083	22.39924708
17085	15.19890218
17087	19.94528696
17089	17.65442938
17091	19.67953323
17093	14.96710129
17095	24.0980161
17097	13.97319508
17099	36.16821914
17101	23.41669203
17103	12.52871129
17105	10.52796877
17107	8.570351918
17109	31.84879696
17111	28.80654581
17113	43.07905337
17115	27.36467938
17117	29.94271732
17119	9.226958643
17121	31.754364
17123	25.36374262
17125	13.59543137
17127	7.059294195
17129	12.59062783
17131	2.761661269
17133	23.01909253
17135	19.95227884
17137	15.15504704
17139	25.12037501
17141	2.957547164
17143	12.43846082
17145	29.63347577
17147	20.62124153
17149	3.056223709
17151	24.05710955
17153	29.70158164
17155	57.63287183
17157	4.94483E-05
17159	13.28837053
17161	4.947200872
17163	20.41371387
17165	41.79979444
17167	34.87813268
17169	31.58694151
17171	13.9889108
17173	4.170700485
17175	15.77134685
17177	30.02026271
17179	8.790297463
17181	40.38240891
17183	7.875619335
17185	17.56424931
17187	8.426866971
17189	0.721626867
17191	11.0691186
17193	20.38123406
17195	29.89509452
17197	17.00794654
17199	35.78358411
17201	17.99798668
17203	24.68521412
18001	7.502317868
18003	7.137931607
18005	33.09079211
18007	23.51860142
18009	1.197661627
18011	2.018075834
18013	13.42843209
18015	2.953339054
18017	4.580321025
18019	4.085166986
18021	21.57398218
18023	3.861156791
18025	4.005711221
18027	11.30679872
18029	4.543681276
18031	26.38594109
18033	13.75814979
18035	27.79132177
18037	24.25285118
18039	5.658663061
18041	19.72637049
18043	21.42867736
18045	23.9293305
18047	3.730154283
18049	9.07307697
18051	15.51058695
18053	10.3310404
18055	20.5427608
18057	8.178253842
18059	34.73713486
18061	32.6715874
18063	5.470637095
18065	36.89314387
18067	4.547273052
18069	30.96660636
18071	20.57471828
18073	15.32450949
18075	7.231452224
18077	19.32908902
18079	14.71753405
18081	18.32142374
18083	30.50646003
18085	12.67413563
18087	22.60398198
18089	1.40617258
18091	27.94094204
18093	18.70444936
18095	8.985846112
18097	24.93344099
18099	25.09427694
18101	15.7875331
18103	2.592638298
18105	18.15745996
18107	19.82864171
18109	12.00680747
18111	17.8821379
18113	1.359299303
18115	6.800408267
18117	0
18119	5.992827502
18121	0.703386738
18123	9.259041455
18125	27.43465761
18127	5.040091017
18129	38.78972512
18131	23.05064593
18133	2.646869846
18135	2.787824421
18137	20.02314507
18139	2.540974505
18141	3.412109602
18143	33.77270502
18145	5.170695395
18147	10.16194705
18149	0.008534121
18151	5.883842531
18153	21.2140092
18155	4.912130286
18157	4.594595828
18159	27.91846298
18161	32.26934964
18163	0
18165	19.79447113
18167	13.85068011
18169	26.99722218
18171	8.392869952
18173	3.120856732
18175	28.39133871
18177	9.740343506
18179	16.95227088
18181	10.62320507
18183	9.97597838
19001	5.070132033
19003	7.876416133
19005	6.042722078
19007	19.03827707
19009	14.42327283
19011	4.146000313
19013	14.66328654
19015	23.81718225
19017	13.00860934
19019	7.612263787
19021	13.14155323
19023	13.51839889
19025	45.38792495
19027	47.55056192
19029	4.560113676
19031	25.49221679
19033	10.55879958
19035	16.62241122
19037	7.280980262
19039	14.75108316
19041	7.917829197
19043	9.476873907
19045	18.44336053
19047	20.78045026
19049	26.62333227
19051	5.161568838
19053	13.272556
19055	10.87259574
19057	8.737217346
19059	24.41091772
19061	20.55962609
19063	19.39182763
19065	27.72065903
19067	5.592541663
19069	18.56478618
19071	18.07042505
19073	45.2964004
19075	24.95721672
19077	11.16088384
19079	11.21923633
19081	23.28858679
19083	12.55401437
19085	14.63715124
19087	17.91504059
19089	29.01874383
19091	39.04262805
19093	17.47492202
19095	1.061505975
19097	12.55826307
19099	20.49533074
19101	16.49804669
19103	13.69083436
19105	16.7360647
19107	12.08868811
19109	25.41497764
19111	46.19028798
19113	13.71874768
19115	25.74608341
19117	1.203281368
19119	21.66354003
19121	16.10408612
19123	18.11457872
19125	22.95379527
19127	14.04301896
19129	23.48640793
19131	8.656337083
19133	20.62384244
19135	15.13901044
19137	21.34075903
19139	19.95186533
19141	23.89340947
19143	21.56556257
19145	18.22937742
19147	28.78954253
19149	33.73630866
19151	4.114911835
19153	24.65343639
19155	20.39236299
19157	37.65575274
19159	18.94014874
19161	11.55744825
19163	19.75850871
19165	11.62600165
19167	26.26033366
19169	4.145158157
19171	18.00821272
19173	18.03502441
19175	7.901728945
19177	19.48670712
19179	91.16426527
19181	27.73912658
19183	21.92788172
19185	6.869053742
19187	39.98677933
19189	22.13510651
19191	17.67082818
19193	13.66408964
19195	31.54606335
19197	8.034275034
20001	6.707777521
20003	39.96050759
20005	22.31824335
20007	20.69976095
20009	11.42951798
20011	23.02965906
20013	20.9499533
20015	5.797602737
20017	24.55875077
20019	93.74360548
20021	29.99219382
20023	16.20575447
20025	98.15854031
20027	99.99999976
20029	26.28259125
20031	33.77727058
20033	53.71143046
20035	17.82066213
20037	16.26384352
20039	30.30095082
20041	16.88076853
20043	18.49196559
20045	61.34231122
20047	13.32369355
20049	15.99934597
20051	99.35701109
20053	19.90584759
20055	31.3144463
20057	20.38802711
20059	32.00586794
20061	47.0440382
20063	33.57999847
20065	97.43516796
20067	22.1833217
20069	9.484501346
20071	53.0083748
20073	99.99999991
20075	42.93322952
20077	100
20079	18.58803377
20081	22.54214721
20083	100
20085	99.28680995
20087	15.10247918
20089	15.1077056
20091	27.16591318
20093	21.99103388
20095	8.805977544
20097	33.36986244
20099	99.65433865
20101	19.53974086
20103	100.0000002
20105	19.49635698
20107	31.72039917
20109	34.44401162
20111	18.23510167
20113	9.861692183
20115	29.26435861
20117	24.21370902
20119	14.06556275
20121	50.7163015
20123	10.61998031
20125	22.05181685
20127	11.34871082
20129	32.959461
20131	26.13531971
20133	15.10507342
20135	24.72189742
20137	26.91513171
20139	29.51521105
20141	11.69851244
20143	23.11450975
20145	28.49584073
20147	16.9257322
20149	35.35194228
20151	19.22816443
20153	22.99928695
20155	35.68057401
20157	26.92165036
20159	25.59245798
20161	18.70767294
20163	50.42768666
20165	14.48004512
20167	99.9999998
20169	24.85822623
20171	20.53108831
20173	9.081013529
20175	29.10529333
20177	43.3903496
20179	26.87817178
20181	98.6399409
20183	71.58454725
20185	38.77460713
20187	30.52040768
20189	10.54221346
20191	18.23745028
20193	24.61561659
20195	47.03082918
20197	17.95750496
20199	66.56301177
20201	32.77661516
20203	47.00526201
20205	99.99999993
20207	10.83794055
20209	2.038207886
21001	30.95166444
21003	8.583262262
21005	1.233901939
21007	26.07600471
21009	6.044011308
21011	7.743966402
21013	0.13396402
21015	20.7957759
21017	33.86690313
21019	7.530937161
21021	26.28393394
21023	23.55959389
21025	0.563983642
21027	6.673741789
21029	9.779245364
21031	25.48179255
21033	11.72922637
21035	11.52805018
21037	15.47106455
21039	30.88442224
21041	6.745697459
21043	37.83275399
21045	4.387668879
21047	6.066245829
21049	20.51377861
21051	10.52803331
21053	13.33698453
21055	1.597849362
21057	0
21059	1.98378026
21061	17.96136569
21063	2.157989341
21065	0.199615639
21067	12.40309844
21069	15.4411514
21071	5.899329648
21073	4.261399407
21075	23.12943624
21077	0.045857346
21079	0
21081	22.69037264
21083	17.60199978
21085	12.33151324
21087	22.84910854
21089	6.487043173
21091	24.00839548
21093	0.353681702
21095	23.1669959
21097	17.37292626
21099	7.84563118
21101	9.448290048
21103	9.746172821
21105	8.313022378
21107	3.243650841
21109	16.64245012
21111	0.189766907
21113	17.7529384
21115	8.928767376
21117	9.935470357
21119	32.66630899
21121	0.300769786
21123	5.317277778
21125	1.487340417
21127	11.10804407
21129	11.1913085
21131	0.016327855
21133	3.743862072
21135	0
21137	1.110755945
21139	7.777921588
21141	1.415297365
21143	2.810361733
21145	1.664787408
21147	22.02869577
21149	4.732906631
21151	0.030155029
21153	9.59791326
21155	0.80038352
21157	2.361393848
21159	3.36870533
21161	0.298623014
21163	12.44215166
21165	14.32382607
21167	0
21169	18.30953593
21171	0.796346797
21173	4.056318777
21175	21.70155244
21177	10.13132533
21179	4.464106513
21181	14.35836964
21183	0.59097165
21185	10.31314259
21187	40.75079892
21189	6.943170782
21191	1.453798751
21193	0.759094456
21195	5.939982411
21197	1.211010319
21199	1.936192846
21201	14.00310341
21203	74.72997543
21205	2.525970645
21207	6.959522412
21209	2.434080754
21211	16.83615973
21213	9.058507193
21215	13.07879065
21217	0
21219	7.261306913
21221	7.189446493
21223	12.18188408
21225	28.75962469
21227	5.976902875
21229	10.57560279
21231	8.824086495
21233	13.19350173
21235	0.57468391
21237	12.81429644
21239	6.182991468
22001	27.06630406
22003	1.701383201
22005	36.69623559
22007	39.71377196
22009	38.97247759
22011	20.97521283
22013	41.14321617
22015	28.798552
22017	25.32912503
22019	33.09629732
22021	21.92940682
22023	11.20004258
22025	24.58606852
22027	20.27739034
22029	8.477298129
22031	22.662398
22033	25.2950847
22035	28.24117017
22037	12.17300444
22039	15.15357276
22041	16.20263847
22043	10.59142921
22045	22.63941058
22047	16.13197784
22049	15.39218931
22051	22.94566655
22053	12.08665823
22055	7.250536032
22057	25.90807868
22059	27.64335364
22061	9.908579137
22063	31.79381913
22065	19.20279282
22067	9.757582971
22069	24.64860025
22071	27.2812897
22073	25.4828192
22075	41.56373
22077	31.50443132
22079	13.86765312
22081	36.24493325
22083	18.68277308
22085	10.78724342
22087	26.34893866
22089	42.87863576
22091	55.93021365
22093	9.012655346
22095	19.90183129
22097	43.56947732
22099	13.76695352
22101	7.647731104
22103	24.99264342
22105	25.61826926
22107	27.78697405
22109	55.65192221
22111	29.51602025
22113	18.10692495
22115	5.906816238
22117	39.14216921
22119	16.77828881
22121	20.19728346
22123	16.49316095
22125	4.866955085
22127	42.28308178
23001	27.73356173
23003	11.294709
23005	10.50582972
23007	21.66160649
23009	1.521441704
23011	6.182074078
23013	9.205277256
23015	11.22450267
23017	4.305186879
23019	8.560638478
23021	16.19213083
23023	4.260824576
23025	9.959114735
23027	7.84603505
23029	9.071918851
23031	11.78037972
24001	17.06032609
24003	38.71435793
24005	28.69880138
24009	20.26231324
24011	33.57761255
24013	6.432177953
24015	25.69946005
24017	19.9563394
24019	32.01235163
24021	11.61014119
24023	20.75109448
24025	4.300856118
24027	24.19844145
24029	21.45558465
24031	0.093224198
24033	15.71999596
24035	26.73714257
24037	22.94427007
24039	13.03076245
24041	27.45596492
24043	11.06686266
24045	24.15874481
24047	26.66401901
24510	20.05855145
25001	3.319946229
25003	50.3529942
25005	23.76854893
25007	31.06885403
25009	16.87204981
25011	32.14548654
25013	17.30030926
25015	26.0406288
25017	32.97498534
25019	26.75280624
25021	15.32338241
25023	34.69618068
25025	45.01906785
25027	2.832331697
26001	30.55948898
26003	11.90738417
26005	34.74316894
26007	5.738938403
26009	6.812819673
26011	0.303063769
26013	0.189395251
26015	14.9037946
26017	2.827443774
26019	18.75698206
26021	0
26023	24.56182121
26025	14.42511907
26027	23.63384336
26029	5.979027868
26031	5.871029453
26033	12.14009854
26035	27.76782829
26037	6.16186331
26039	17.69936298
26041	17.15668933
26043	22.05918177
26045	31.86055573
26047	20.23609356
26049	17.6454959
26051	29.84617575
26053	9.193174481
26055	21.132402
26057	17.57788766
26059	6.676823688
26061	5.707994317
26063	10.082601
26065	29.59484286
26067	32.84739003
26069	6.175097262
26071	25.75507368
26073	15.20872266
26075	8.137511711
26077	26.47846546
26079	25.95000143
26081	7.30679081
26083	22.27228324
26085	27.27073175
26087	16.01789657
26089	10.14990719
26091	17.82490895
26093	22.0646926
26095	30.01223285
26097	11.81237868
26099	30.79500444
26101	23.21216697
26103	12.35689737
26105	16.24336652
26107	5.769652905
26109	17.69555101
26111	5.599542097
26113	26.18168728
26115	8.833116054
26117	20.58086763
26119	5.959747752
26121	3.732984294
26123	35.11109899
26125	3.281073692
26127	30.00516957
26129	3.689816337
26131	0.043427061
26133	31.79074613
26135	15.75530219
26137	0.071900508
26139	12.25167795
26141	32.88090089
26143	28.79967004
26145	19.02210241
26147	20.6689972
26149	32.65223159
26151	11.14774763
26153	6.217854827
26155	25.89866914
26157	15.90662412
26159	6.6682605
26161	5.93637244
26163	25.64942406
26165	15.05102444
27001	9.720046315
27003	30.34450403
27005	38.3937288
27007	36.04445122
27009	18.15214481
27011	23.84464084
27013	47.2630006
27015	34.88235472
27017	32.26426979
27019	22.42806333
27021	27.69849369
27023	16.70242805
27025	11.41518267
27027	7.619368694
27029	19.95053508
27031	38.55371125
27033	28.37619625
27035	43.03744815
27037	7.880430549
27039	37.05573259
27041	10.50873527
27043	37.02497055
27045	15.25232714
27047	2.576935228
27049	29.06121169
27051	24.01278168
27053	44.75883434
27055	29.65972051
27057	10.62304741
27059	21.48581219
27061	11.67454847
27063	16.79093612
27065	28.15571161
27067	2.856491094
27069	26.97738698
27071	26.19712263
27073	45.27112593
27075	13.25997635
27077	8.535550629
27079	41.18602524
27081	3.468280685
27083	96.44853311
27085	25.95174207
27087	20.0948712
27089	35.18780888
27091	64.32615509
27093	43.12413511
27095	14.50861775
27097	6.546216413
27099	33.06256983
27101	33.91301444
27103	37.29906809
27105	31.97730332
27107	41.32995362
27109	25.97875631
27111	21.49371507
27113	17.36872119
27115	17.28419126
27117	16.02748821
27119	33.31503111
27121	27.50786592
27123	12.56653343
27125	24.47313208
27127	39.29041178
27129	44.06724692
27131	51.2678402
27133	22.81772307
27135	22.2515369
27137	29.58309041
27139	27.25776411
27141	22.29678253
27143	16.27889926
27145	3.27188924
27147	17.91565542
27149	26.23516732
27151	16.01125215
27153	46.74768142
27155	34.20696778
27157	38.96287522
27159	10.30153886
27161	46.88448029
27163	29.71840444
27165	39.61011066
27167	4.665870917
27169	30.10468424
27171	15.17470555
27173	13.78323366
28001	32.39131456
28003	24.5871684
28005	10.24034517
28007	18.21281387
28009	10.16193202
28011	35.4550616
28013	41.37298861
28015	7.785098788
28017	45.67127554
28019	5.085771717
28021	3.368625342
28023	15.08714329
28025	13.78390773
28027	15.9840199
28029	24.41855001
28031	31.00935974
28033	0
28035	27.69346352
28037	13.00677373
28039	31.75820687
28041	10.18472058
28043	15.40035634
28045	20.15044405
28047	44.8123662
28049	41.36477429
28051	27.66489331
28053	26.30245074
28055	19.58247724
28057	24.98625749
28059	11.32087313
28061	25.15616051
28063	13.02550318
28065	10.36345241
28067	2.278554309
28069	13.15057689
28071	36.80527109
28073	30.13917407
28075	14.36243991
28077	17.46367256
28079	20.39363097
28081	11.91751304
28083	20.27061182
28085	31.07106929
28087	22.69884981
28089	22.09136201
28091	21.00291249
28093	16.67942053
28095	16.95993394
28097	7.379991018
28099	60.58401791
28101	5.76954702
28103	11.39494162
28105	15.91487702
28107	27.97818353
28109	22.73603405
28111	14.09946117
28113	6.291329542
28115	8.603089171
28117	10.13142758
28119	4.916826888
28121	32.01755851
28123	25.46219049
28125	15.41133581
28127	6.57626119
28129	7.580782729
28131	14.06463772
28133	24.5265806
28135	22.44097636
28137	51.78484991
28139	33.74862289
28141	6.616501153
28143	0
28145	27.70349816
28147	13.0550534
28149	27.91961286
28151	28.87987505
28153	16.31436011
28155	4.934009406
28157	12.99611492
28159	15.61154553
28161	15.01747209
28163	21.66818887
29001	34.03392722
29003	18.80524334
29005	15.80858924
29007	5.237080526
29009	20.33547911
29011	7.828341531
29013	23.02224189
29015	4.755104224
29017	6.292372319
29019	28.93717862
29021	32.16461904
29023	20.98312539
29025	18.09512882
29027	18.66625662
29029	14.7358056
29031	7.155376625
29033	26.49903596
29035	21.99436007
29037	49.05817335
29039	32.35435819
29041	7.984516404
29043	31.80370335
29045	16.29726319
29047	13.637971
29049	28.92259411
29051	7.74773411
29053	23.50951283
29055	23.08202595
29057	4.342656322
29059	6.462171643
29061	18.37407411
29063	22.0418865
29065	37.77805011
29067	15.48605005
29069	32.22325129
29071	7.387969188
29073	7.360065834
29075	6.813391986
29077	3.30796216
29079	20.40215708
29081	28.66164753
29083	25.98661856
29085	25.91071401
29087	6.992632987
29089	99.51349343
29091	26.44273933
29093	18.50807643
29095	19.07188354
29097	23.76114773
29099	23.66421888
29101	27.9359352
29103	16.25466104
29105	19.30865516
29107	19.95552268
29109	15.92249912
29111	10.75407913
29113	41.52284041
29115	14.32423285
29117	26.53206709
29119	10.65222115
29121	7.360138671
29123	15.4168538
29125	16.04983292
29127	5.481343677
29129	15.69135169
29131	12.79725599
29133	4.152844402
29135	0.532823961
29137	8.964687115
29139	4.313830905
29141	10.48280169
29143	3.001695168
29145	3.061898412
29147	20.57816601
29149	46.16176519
29151	17.19188573
29153	15.22467881
29155	55.1468184
29157	7.385333371
29159	15.61190085
29161	16.72991905
29163	13.8453792
29165	23.9543282
29167	34.9416593
29169	7.467019682
29171	16.71814198
29173	27.03134207
29175	9.101850084
29177	15.73274111
29179	13.28388337
29181	45.32733589
29183	22.25074381
29185	39.01537435
29186	8.634210291
29187	28.50088058
29189	14.5823959
29195	26.5126887
29197	24.99689278
29199	82.24952624
29201	12.90503642
29203	28.49450405
29205	29.22473218
29207	39.97789915
29209	5.690485302
29211	0.652315546
29213	26.74764287
29215	20.70746426
29217	18.07281832
29219	19.24128326
29221	5.736962697
29223	18.35695064
29225	33.39076172
29227	4.374328896
29229	29.67077308
29510	11.88127832
30001	10.17323775
30003	21.22718003
30005	47.0199991
30007	34.01274338
30009	26.61761413
30011	35.92777504
30013	99.99999981
30015	24.36232804
30017	71.38561598
30019	40.70795684
30021	99.99999988
30023	41.39486356
30025	6.528133827
30027	22.43639815
30029	29.44939892
30031	11.80780374
30033	15.19039097
30035	55.3010247
30037	24.99598212
30039	100.0000004
30041	63.57613863
30043	46.58330351
30045	30.46930088
30047	61.58834268
30049	17.85468025
30051	24.68119613
30053	50.40444621
30055	14.87225965
30057	92.09855911
30059	36.89975505
30061	99.9999998
30063	46.68348678
30065	27.46427081
30067	31.89033188
30069	37.47623159
30071	100.0000005
30073	36.11307042
30075	45.34808339
30077	52.37716577
30079	19.5843269
30081	100.0000002
30083	4.591866415
30085	33.46658744
30087	57.76008229
30089	24.12586221
30091	41.85255522
30093	35.24483331
30095	24.76413303
30097	15.86225368
30099	22.61459051
30101	60.16043138
30103	37.61055013
30105	99.99999999
30107	40.24964494
30109	99.99999953
30111	52.47443477
31001	26.55557611
31003	24.40045626
31005	41.28488259
31007	100.000001
31009	100.0000009
31011	99.99999966
31013	28.83392573
31015	33.08949583
31017	100.0000001
31019	10.08354662
31021	31.71195913
31023	44.05870849
31025	16.08617307
31027	27.94406464
31029	40.17390847
31031	29.70483172
31033	39.14379053
31035	18.92452848
31037	46.35205617
31039	26.85212623
31041	32.88644729
31043	51.65351417
31045	19.28574779
31047	22.96587459
31049	36.33197745
31051	26.81713606
31053	41.63346262
31055	26.74341729
31057	14.35491205
31059	33.26264259
31061	23.93482574
31063	48.01715446
31065	100.0000002
31067	47.214542
31069	29.21238514
31071	99.86106465
31073	10.19898224
31075	63.51753553
31077	99.99999965
31079	61.96810228
31081	20.98291134
31083	6.439731381
31085	6.973994419
31087	100.0000004
31089	87.33452756
31091	25.54930318
31093	99.99999954
31095	20.50816253
31097	23.81214562
31099	25.96147105
31101	11.3333232
31103	22.02674587
31105	99.88410638
31107	7.513269807
31109	75.11342449
31111	13.41045551
31113	22.6938189
31115	99.99999978
31117	80.12315556
31119	100.000001
31121	31.35446744
31123	39.21565447
31125	50.36380767
31127	93.39300935
31129	10.34667226
31131	36.19411271
31133	13.57778258
31135	18.14699985
31137	99.25582781
31139	18.98348623
31141	80.35626425
31143	17.11959029
31145	90.14168202
31147	51.99821603
31149	27.37553243
31151	28.02030416
31153	26.51049226
31155	30.12147018
31157	14.24707722
31159	31.04962359
31161	19.78206959
31163	32.40700766
31165	36.91485194
31167	65.46975694
31169	67.64695731
31171	25.1556942
31173	100.0000002
31175	25.52140428
31177	23.56082019
31179	3.228795345
31181	7.418197221
31183	99.99999984
31185	99.99999974
32001	26.12195044
32003	27.70381615
32005	8.48037527
32007	53.48200956
32009	22.73155615
32011	97.19029367
32013	98.31046432
32015	30.53740154
32017	15.36296752
32019	100.0000002
32021	41.37860905
32023	37.55684256
32027	43.83573231
32029	15.83130644
32031	5.688329747
32033	20.49287962
32510	46.18870453
33001	15.95861129
33003	16.68431125
33005	0.577735403
33007	14.38682357
33009	14.84181068
33011	12.91472703
33013	28.61483522
33015	21.222706
33017	39.53274266
33019	23.52785814
34001	13.80815195
34003	36.28256937
34005	11.87148828
34007	37.72946951
34009	27.49415442
34011	35.81930588
34013	30.02173065
34015	8.756717609
34017	43.82527169
34019	0.336584831
34021	21.99062602
34023	28.00960884
34025	28.8848963
34027	34.43039405
34029	38.36953965
34031	48.80902727
34033	13.45583703
34035	13.06454186
34037	41.21619036
34039	35.83418739
34041	12.250862
35001	30.09238561
35003	20.54405504
35005	100.0000006
35006	26.89906007
35007	33.17834198
35009	51.24918883
35011	34.60579575
35013	100.0000002
35015	42.16808843
35017	36.40761938
35019	34.15302725
35021	38.40646562
35023	99.99999984
35025	30.87691986
35027	15.04721102
35028	39.55522875
35029	40.43168357
35031	29.00214175
35033	54.86788548
35035	32.78409959
35037	46.57680081
35039	31.11297718
35041	53.11696693
35043	22.98385674
35045	43.9271245
35047	31.00318052
35049	31.34176234
35051	31.95644938
35053	44.23660609
35055	33.78836938
35057	44.71160563
35059	23.74965523
35061	26.8103112
36001	45.5902012
36003	27.49933488
36005	7.809623507
36007	0.899690499
36009	20.184039
36011	4.951440166
36013	7.513545482
36015	11.51454059
36017	23.67277517
36019	1.596883039
36021	23.68121767
36023	15.00346144
36025	9.807230854
36027	2.839653518
36029	35.79555533
36031	25.9024977
36033	9.861410777
36035	17.39374336
36037	9.832280092
36039	5.111059457
36041	12.79743203
36043	27.50400435
36045	12.69377501
36047	14.51110933
36049	0.015700271
36051	14.64675345
36053	17.0262519
36055	14.56051942
36057	33.84183596
36059	44.039972
36061	5.592514246
36063	0.000126114
36065	22.30174042
36067	19.6128402
36069	26.1687688
36071	13.83369337
36073	27.66420126
36075	16.23364008
36077	7.979012831
36079	20.45768936
36081	39.22229932
36083	0.334018099
36085	23.47040691
36087	4.893706058
36089	29.74246042
36091	14.27737264
36093	29.48450894
36095	35.95490558
36097	12.01139661
36099	6.659602693
36101	4.649992899
36103	11.46519071
36105	30.37116045
36107	13.97640005
36109	14.80034112
36111	17.59564996
36113	25.64297624
36115	17.26497357
36117	12.16735716
36119	14.71422556
36121	14.96450718
36123	18.71951717
37001	2.237780056
37003	26.99146727
37005	6.49432622
37007	3.610432376
37009	5.757113065
37011	5.062943367
37013	0
37015	14.65519318
37017	8.815625844
37019	6.421887954
37021	15.67989598
37023	24.79621109
37025	27.70667078
37027	22.35082337
37029	35.32456481
37031	3.747808387
37033	24.60894092
37035	10.5957369
37037	26.12498127
37039	7.89529791
37041	0.428831553
37043	21.43829842
37045	3.718128149
37047	12.97624236
37049	2.789364674
37051	22.8018885
37053	30.22562468
37055	13.10314131
37057	37.623217
37059	17.30114832
37061	11.02839384
37063	1.685631354
37065	26.96919657
37067	16.15148197
37069	38.94795066
37071	4.731668822
37073	28.31023604
37075	0.039059205
37077	2.838066559
37079	14.43896035
37081	0
37083	21.01728106
37085	17.44863294
37087	8.945768988
37089	20.37157271
37091	20.94573214
37093	11.43355577
37095	22.58829733
37097	59.20150054
37099	15.71501557
37101	17.17673695
37103	4.991468611
37105	0.003080741
37107	21.536901
37109	12.29683258
37111	16.46766641
37113	7.751883458
37115	6.455666282
37117	9.968457118
37119	2.236489087
37121	22.44194366
37123	5.53381622
37125	0.830468649
37127	25.36111514
37129	13.18355089
37131	31.97632856
37133	4.480043223
37135	32.28858088
37137	23.28684837
37139	4.95713982
37141	17.7661164
37143	6.868740193
37145	2.784466684
37147	7.539158403
37149	8.649018489
37151	0.353169717
37153	17.23129156
37155	12.06020208
37157	9.657533903
37159	22.17008641
37161	23.64922769
37163	22.66488164
37165	4.596041935
37167	16.43527703
37169	7.276714156
37171	17.21295728
37173	9.04329514
37175	4.329085872
37177	9.393873738
37179	11.49186997
37181	15.99401558
37183	9.99739254
37185	19.23039504
37187	7.618898537
37189	23.00225998
37191	7.731579532
37193	20.41990658
37195	12.09043723
37197	6.274752824
37199	1.662641308
38001	0.000535986
38003	22.52386602
38005	27.99852957
38007	45.85147895
38009	99.99999959
38011	46.53351028
38013	29.8246359
38015	99.99999962
38017	24.41199563
38019	14.9585905
38021	36.42685084
38023	52.76032747
38025	33.03077742
38027	94.50597655
38029	28.8680883
38031	46.2080123
38033	18.32585948
38035	23.61474835
38037	29.93662395
38039	52.3251039
38041	32.82308871
38043	99.97951487
38045	99.68870885
38047	99.99289073
38049	95.83237687
38051	100
38053	19.89786238
38055	45.0050878
38057	55.1663313
38059	18.28991462
38061	30.73686576
38063	12.83858952
38065	99.99999979
38067	82.11203482
38069	46.02317886
38071	19.33943279
38073	22.02379685
38075	16.48573839
38077	76.27121967
38079	53.3894646
38081	7.102257131
38083	25.03690298
38085	82.14978038
38087	40.82932125
38089	95.2378065
38091	26.12050674
38093	96.06755253
38095	32.95789285
38097	96.03547065
38099	28.55556402
38101	18.43725605
38103	40.17067955
38105	37.77676372
39001	21.35474971
39003	3.278855627
39005	20.66175327
39007	3.66710156
39009	16.69131554
39011	24.18554501
39013	4.494569545
39015	14.93178656
39017	9.976837505
39019	30.51795096
39021	5.811938384
39023	1.018663731
39025	19.25535033
39027	41.68409305
39029	9.639263099
39031	19.22477474
39033	17.32873829
39035	5.68997408
39037	19.23333449
39039	4.032535562
39041	16.03560175
39043	26.59790108
39045	27.95484701
39047	24.53629773
39049	4.227254002
39051	23.69246102
39053	13.51204332
39055	7.767290082
39057	18.35391727
39059	33.20188673
39061	14.46358847
39063	27.2799329
39065	16.02204464
39067	5.545978152
39069	2.404541473
39071	14.47061146
39073	4.312917465
39075	17.37307232
39077	2.067296307
39079	12.48895188
39081	4.657250866
39083	20.30751138
39085	15.7527066
39087	38.7867842
39089	14.19215249
39091	15.96289298
39093	7.594493568
39095	25.66523132
39097	16.77427581
39099	15.80957405
39101	29.22715828
39103	34.55553168
39105	25.81835952
39107	20.99513031
39109	7.966996164
39111	15.25368092
39113	5.652423496
39115	29.55850618
39117	6.300950038
39119	0.477549927
39121	17.56847771
39123	25.87465852
39125	22.28316879
39127	14.66197948
39129	10.29907604
39131	12.82064631
39133	23.12859379
39135	20.54521449
39137	0.693105601
39139	14.56039693
39141	21.39350717
39143	10.97358616
39145	10.10611887
39147	16.94165493
39149	10.66269068
39151	15.3150173
39153	27.57747765
39155	35.01037052
39157	21.94979364
39159	18.96608323
39161	14.03005726
39163	13.19682817
39165	15.81618589
39167	32.72081241
39169	8.396104982
39171	15.89975847
39173	14.16818016
39175	29.13018028
40001	4.449006022
40003	6.772493664
40005	60.7810699
40007	41.67978044
40009	39.39381094
40011	14.15761214
40013	58.27271481
40015	19.5368412
40017	33.324328
40019	29.29482722
40021	9.608085966
40023	22.18419192
40025	40.85490742
40027	40.42378351
40029	23.95326238
40031	26.94684089
40033	33.62341526
40035	6.30531942
40037	17.27994527
40039	18.84993254
40041	22.70685935
40043	20.49736529
40045	99.99999998
40047	99.42731253
40049	25.37510977
40051	30.81521164
40053	14.54340256
40055	61.8265794
40057	8.829673264
40059	8.287625664
40061	51.74797484
40063	37.64255942
40065	24.30089773
40067	18.76883364
40069	23.26949536
40071	32.33060272
40073	21.75909707
40075	15.12334189
40077	37.45260562
40079	22.3751344
40081	13.73243831
40083	19.84333321
40085	22.82652895
40087	21.57571582
40089	9.537373584
40091	16.5130001
40093	12.75623175
40095	44.2004929
40097	11.20209547
40099	2.861895093
40101	7.534713645
40103	12.53880841
40105	29.31227588
40107	25.52369321
40109	22.43226149
40111	25.49815926
40113	25.16690437
40115	28.73149042
40117	15.24995404
40119	2.302365405
40121	25.61506145
40123	41.55563318
40125	22.07083018
40127	17.05434414
40129	24.9704207
40131	54.52671583
40133	26.69426529
40135	8.536751633
40137	7.770736485
40139	16.8397139
40141	83.1639509
40143	34.72119489
40145	25.52354835
40147	31.35406079
40149	32.94959215
40151	41.4730284
40153	32.36397307
41001	26.8600717
41003	36.35877092
41005	20.19716644
41007	16.8046254
41009	32.76570096
41011	14.98792124
41013	11.14922967
41015	14.1184286
41017	12.47648745
41019	15.53680598
41021	27.11526578
41023	54.66917883
41025	39.80830793
41027	31.91272976
41029	6.787714828
41031	16.50162535
41033	20.19515117
41035	17.60826028
41037	33.43851893
41039	43.62455616
41041	15.34042734
41043	15.23459814
41045	24.15288891
41047	8.948625307
41049	14.46722316
41051	27.68350561
41053	12.57953499
41055	27.7936643
41057	44.34447721
41059	21.95492425
41061	25.25092807
41063	48.90779442
41065	27.14932132
41067	41.09349505
41069	13.30906948
41071	99.99999983
42001	17.0295729
42003	11.30673579
42005	28.73943012
42007	5.328518478
42009	39.64191479
42011	13.13748746
42013	15.38903513
42015	18.30324934
42017	12.12055693
42019	33.99189087
42021	22.52833189
42023	20.83044889
42025	9.175307164
42027	11.56881416
42029	13.61385191
42031	39.13965629
42033	6.896087296
42035	14.25726524
42037	18.8020813
42039	11.07956975
42041	10.85625829
42043	19.68595573
42045	40.13976472
42047	20.49786714
42049	9.512482879
42051	26.3253887
42053	16.54400643
42055	1.164855909
42057	20.74372346
42059	12.46845778
42061	15.61908275
42063	2.902167364
42065	10.90325805
42067	5.284439942
42069	17.10906984
42071	11.2948064
42073	25.73385983
42075	29.07751024
42077	18.7041076
42079	26.13525645
42081	17.58243334
42083	19.93885876
42085	2.720091657
42087	14.10074392
42089	7.94106039
42091	29.98171152
42093	28.94147124
42095	11.40093095
42097	23.68508123
42099	12.00457435
42101	12.90185618
42103	0.852826405
42105	5.115077409
42107	18.78294251
42109	6.630780979
42111	4.987359743
42113	14.41986935
42115	34.40350151
42117	4.947539826
42119	3.284295451
42121	30.66895511
42123	8.423305272
42125	15.64349501
42127	26.949567
42129	4.047294055
42131	33.22875083
42133	2.782021758
44001	26.19992216
44003	51.08572538
44005	32.20208171
44007	34.71676796
44009	19.8538714
45001	33.84861258
45003	30.01675965
45005	21.99962256
45007	2.26513267
45009	30.42757023
45011	15.10742281
45013	2.269936066
45015	30.22605246
45017	22.69969814
45019	0.778869111
45021	18.30482436
45023	11.26286516
45025	16.73755713
45027	13.63130288
45029	4.765788915
45031	23.76485285
45033	14.20971938
45035	10.15705357
45037	19.56111006
45039	6.206887511
45041	20.10941296
45043	22.49076618
45045	23.13088117
45047	32.1064742
45049	15.31663205
45051	10.54694463
45053	17.31858996
45055	9.657369667
45057	18.74664131
45059	13.11735038
45061	17.62352864
45063	4.931199965
45065	23.19934066
45067	6.215796403
45069	4.627625388
45071	13.23811844
45073	10.62482846
45075	14.86647883
45077	13.32560384
45079	31.16268102
45081	26.8820287
45083	4.680802812
45085	33.34586348
45087	22.13787396
45089	8.590716519
45091	7.485033747
46003	22.97117149
46005	99.86259423
46007	22.52394073
46009	96.7590566
46011	87.81497039
46013	40.84067803
46015	31.47470961
46017	34.63373953
46019	18.3503964
46021	24.0816866
46023	93.35514541
46025	33.26195496
46027	46.27931238
46029	22.55475689
46031	36.42580428
46033	89.78756011
46035	35.34584793
46037	23.77078714
46039	48.87602995
46041	97.099119
46043	43.7554878
46045	93.32125011
46047	63.66041813
46049	37.20673742
46051	99.91133864
46053	18.89659558
46055	37.07890352
46057	41.32684563
46059	95.60040601
46061	34.32422169
46063	17.87608191
46065	99.99999963
46067	23.40635504
46069	36.62340542
46071	99.45232867
46073	90.87986276
46075	100
46077	99.99999981
46079	52.24304056
46081	12.38293771
46083	14.96442372
46085	11.91965514
46087	53.96469773
46089	80.36648813
46091	55.71420276
46093	50.40204783
46095	9.830824555
46097	99.35919631
46099	18.403104
46101	19.9300035
46102	77.53860656
46103	30.09934487
46105	49.31123837
46107	100.0000001
46109	43.25859809
46111	98.5771723
46115	47.68268391
46117	43.5972276
46119	18.99803991
46121	100
46123	22.24944762
46125	26.76083464
46127	24.52305179
46129	20.14919431
46135	28.69121571
46137	28.66893097
47001	66.53847245
47003	18.65703556
47005	13.46735645
47007	13.47158617
47009	4.651231797
47011	32.91018561
47013	28.0012974
47015	15.64878646
47017	2.203671122
47019	7.694412509
47021	33.02471461
47023	0.800193828
47025	13.33088028
47027	18.92375454
47029	0.019227683
47031	17.98262837
47033	15.31438542
47035	0.753138373
47037	14.42053481
47039	24.57084975
47041	6.371062151
47043	2.311148406
47045	12.10336565
47047	29.42032181
47049	11.63360513
47051	0.272866387
47053	18.67677064
47055	13.60901471
47057	15.52632026
47059	0
47061	8.192462198
47063	6.715408995
47065	33.25893284
47067	37.88761939
47069	1.39633256
47071	29.57794685
47073	11.80756731
47075	23.36538322
47077	16.18934265
47079	13.67780181
47081	20.2333124
47083	9.230460938
47085	3.510611284
47087	9.05565093
47089	0.013780131
47091	5.147831161
47093	10.76824827
47095	38.48938794
47097	0.187705579
47099	8.623702525
47101	6.681358767
47103	3.475849559
47105	15.23981177
47107	28.16333666
47109	15.4201337
47111	10.62754121
47113	0.823127336
47115	23.14717575
47117	7.491387581
47119	6.2425604
47121	16.20034792
47123	0.809052562
47125	5.083790204
47127	36.03768156
47129	32.79832491
47131	20.20184673
47133	10.74142412
47135	1.585493544
47137	6.943031065
47139	0.76577634
47141	0.252120609
47143	21.07955802
47145	8.224890511
47147	25.56201647
47149	7.607696674
47151	23.60218537
47153	5.912668516
47155	0.950146667
47157	12.80054692
47159	27.39175397
47161	2.072589395
47163	14.47753729
47165	37.35791095
47167	28.20424439
47169	22.51382351
47171	0
47173	7.381774271
47175	0.100780484
47177	1.76663526
47179	5.881770384
47181	19.72940245
47183	24.54538431
47185	8.004612419
47187	11.23449719
47189	25.7988976
48001	22.19225662
48003	41.27076184
48005	33.92243313
48007	32.13825876
48009	38.28271646
48011	23.5997596
48013	99.7479208
48015	16.77931349
48017	14.06366209
48019	9.321722082
48021	12.57667054
48023	41.65337815
48025	12.22885724
48027	31.97169402
48029	38.25136967
48031	31.36844423
48033	9.982824317
48035	100
48037	23.25005302
48039	29.42761649
48041	26.33994697
48043	33.87715024
48045	28.61941162
48047	100.0000001
48049	16.32212172
48051	41.54180511
48053	13.63941621
48055	31.55503478
48057	19.40100119
48059	31.76349256
48061	22.09322659
48063	27.6316083
48065	10.05581898
48067	45.80221627
48069	8.118760617
48071	11.86435911
48073	18.12044269
48075	16.28361718
48077	44.26886879
48079	37.77311094
48081	21.17568413
48083	99.97629203
48085	19.62615995
48087	14.89865027
48089	7.074841115
48091	20.87554358
48093	19.00805431
48095	15.54542521
48097	26.69489469
48099	8.701222769
48101	36.2548414
48103	9.305257996
48105	8.892858387
48107	7.847320883
48109	4.581842445
48111	7.816338193
48113	36.36741415
48115	19.98502547
48117	29.50579523
48119	19.24839222
48121	7.210911711
48123	21.61400516
48125	19.15314859
48127	19.84283624
48129	22.35085389
48131	14.54878585
48133	33.81819908
48135	21.69671388
48137	22.56829914
48139	31.8685539
48141	25.68150613
48143	22.37403566
48145	35.63262893
48147	36.43376536
48149	38.18642584
48151	29.98345185
48153	17.02669867
48155	5.252367863
48157	100.0000004
48159	30.36849593
48161	7.014344136
48163	18.42513785
48165	13.99377202
48167	10.47370026
48169	34.93770172
48171	6.013705693
48173	16.12633934
48175	98.24149212
48177	37.03720282
48179	27.90028747
48181	16.92241781
48183	27.0813884
48185	24.3590109
48187	43.71009665
48189	31.69292354
48191	26.08966143
48193	24.45472034
48195	25.05699264
48197	37.51406687
48199	29.72030894
48201	27.84406737
48203	21.6512534
48205	17.61337682
48207	23.92075052
48209	14.90235967
48211	19.45339312
48213	10.59745629
48215	24.32831555
48217	42.65344841
48219	3.18982538
48221	35.73940226
48223	35.10976833
48225	16.02880505
48227	38.49351246
48229	49.18266995
48231	99.92354302
48233	13.3414735
48235	42.9087718
48237	99.97419983
48239	46.6660768
48241	22.19279132
48243	20.12340502
48245	30.24681332
48247	28.93348243
48249	2.100384292
48251	18.53057931
48253	22.68983281
48255	21.86345089
48257	24.42576549
48259	8.460188899
48261	11.89413683
48263	97.38463268
48265	97.19525905
48267	29.99809075
48269	24.9727983
48271	99.99999961
48273	4.150295358
48275	29.94214947
48277	12.63249432
48279	31.6398786
48281	3.613402983
48283	20.4022948
48285	43.1244827
48287	16.13337114
48289	7.538013844
48291	20.37436038
48293	20.87295746
48295	20.61315093
48297	99.9995537
48299	10.24399708
48301	31.09654275
48303	99.9999994
48305	20.98066406
48307	33.88572797
48309	16.08952458
48311	28.41089678
48313	98.00022159
48315	28.33531918
48317	10.94679451
48319	21.07352522
48321	20.82592298
48323	37.17280175
48325	31.65793076
48327	19.59706556
48329	20.28338359
48331	29.63320122
48333	23.14983166
48335	24.67764631
48337	29.78648983
48339	19.76341132
48341	22.04126505
48343	31.63507947
48345	3.983630723
48347	18.45374934
48349	30.16053324
48351	27.06932938
48353	26.40748757
48355	23.82197926
48357	35.0021657
48359	9.477722807
48361	100.0000003
48363	24.37643536
48365	37.46409933
48367	19.74069435
48369	18.05677917
48371	13.48569679
48373	21.18621165
48375	22.88134969
48377	30.60635441
48379	16.86108608
48381	0
48383	21.21758155
48385	6.366387954
48387	99.99999958
48389	46.65840649
48391	22.17092816
48393	19.81038417
48395	90.76309168
48397	17.56432493
48399	23.45234825
48401	28.82005742
48403	26.88685681
48405	25.96276806
48407	35.71429036
48409	1.854876552
48411	16.90520033
48413	30.5329736
48415	10.62748014
48417	34.3155131
48419	15.33914451
48421	15.05855714
48423	24.8573436
48425	20.20369128
48427	0
48429	46.72591063
48431	24.10282979
48433	100.0000004
48435	15.63523557
48437	10.87039188
48439	31.46094661
48441	27.84652381
48443	28.81138276
48445	99.99999981
48447	37.20927146
48449	100.0000002
48451	14.03452178
48453	30.66860057
48455	28.94666391
48457	13.814822
48459	53.68763281
48461	16.54097157
48463	33.40593844
48465	36.33702507
48467	33.87141793
48469	4.819375965
48471	40.59531311
48473	29.70389565
48475	14.20794679
48477	35.9244327
48479	13.48671862
48481	17.89716072
48483	16.90184613
48485	10.27883781
48487	32.77853432
48489	25.10255525
48491	4.042323694
48493	34.07159084
48495	10.00690394
48497	6.043070844
48499	6.19300016
48501	9.17882997
48503	11.47942397
48505	35.12976141
48507	43.14153743
49001	31.7020711
49003	14.38789371
49005	17.75464927
49007	32.70982653
49009	23.34351532
49011	99.99999911
49013	27.76117611
49015	27.66425488
49017	40.34713065
49019	35.02883324
49021	18.62073326
49023	25.81243966
49025	43.00467877
49027	43.64053916
49029	40.61188742
49031	0.418102647
49033	100.0000002
49035	99.9999995
49037	11.47753556
49039	49.07648425
49041	9.335332367
49043	2.068294746
49045	20.45046189
49047	27.37672019
49049	24.55465314
49051	22.9405262
49053	4.960920353
49055	27.63986946
49057	36.32128203
50001	24.77590705
50003	2.429189568
50005	11.56188184
50007	6.386385736
50009	19.88297461
50011	29.77017019
50013	4.3709863
50015	3.185942973
50017	2.219235235
50019	11.13743088
50021	16.01128427
50023	10.31480846
50025	9.87737045
50027	9.567403287
51001	12.49203753
51003	4.60604867
51005	15.62291053
51007	13.66713718
51009	14.61523983
51011	20.17229814
51013	2.96973638
51015	2.473755369
51017	12.87532682
51019	20.70304955
51021	11.12189064
51023	40.33216386
51025	22.01077337
51027	20.55387868
51029	5.630386583
51031	12.10301639
51033	21.07363135
51035	5.015262833
51036	6.647808618
51037	1.93654866
51041	33.53683589
51043	36.84388613
51045	2.223974741
51047	12.40562961
51049	4.700183543
51051	58.82598348
51053	0.189322268
51057	20.88539512
51059	26.67930445
51061	18.99877553
51063	12.4587742
51065	27.83881862
51067	26.81470042
51069	15.90474593
51071	18.76094909
51073	10.71750155
51075	10.2149197
51077	15.25347617
51079	17.61507725
51081	0
51083	7.060704847
51085	26.30650387
51087	19.84848911
51089	22.48690851
51091	19.20914565
51093	100.0000005
51095	16.44230328
51097	32.14328964
51099	10.53704602
51101	0
51103	10.20598741
51105	3.088702503
51107	0.072698814
51109	12.6252543
51111	2.349261629
51113	0.03529449
51115	1.854872146
51117	0
51119	10.99842969
51121	0.981860527
51125	8.359449148
51127	5.239111085
51131	0.000239485
51133	0.310409566
51135	7.361056634
51137	50.31483237
51139	22.23013699
51141	2.878948617
51143	4.904971433
51145	15.41612383
51147	9.432053168
51149	15.01843106
51153	28.67266586
51155	20.58026885
51157	14.98866329
51159	79.01065601
51161	6.957874275
51163	21.30965417
51165	16.32708113
51167	19.45830411
51169	7.329386085
51171	11.99679042
51173	6.938266506
51175	8.129592827
51177	22.78888375
51179	27.03721466
51181	28.29230775
51183	23.27570154
51185	28.91732399
51187	18.27167872
51191	5.101350162
51193	12.50583665
51195	17.61422661
51197	9.467407862
51199	3.993342647
51510	29.45129996
51520	0
51530	8.673395973
51540	28.16451135
51550	93.79773125
51570	2.652009255
51580	22.41181821
51590	18.9504363
51595	19.32576418
51600	14.85291459
51610	1.711090731
51620	0
51630	1.345099635
51640	58.00289117
51650	26.31273199
51660	2.692895941
51670	23.430694
51678	8.601960789
51680	28.9548801
51683	0.128848429
51685	26.40155959
51690	6.118268008
51700	34.46129864
51710	25.24555162
51720	18.67339571
51730	13.19790872
51735	12.33714447
51740	22.25706446
51750	42.89478426
51760	14.90529823
51770	15.84559687
51775	20.35559021
51790	23.72066799
51800	48.94630082
51810	7.694805513
51820	19.33663241
51830	17.97280946
51840	15.50245258
53001	5.844593484
53003	24.80940431
53005	20.34586449
53007	19.47850885
53009	21.57155507
53011	21.74880485
53013	21.63385394
53015	20.77188391
53017	26.49538429
53019	26.97541151
53021	46.88465661
53023	48.93433645
53025	31.6586551
53027	99.66306536
53029	22.67119558
53031	19.53452107
53033	24.67006317
53035	21.1510811
53037	17.26468711
53039	31.76223125
53041	22.41795576
53043	23.59177707
53045	16.86792356
53047	71.11846089
53049	6.075478658
53051	15.820304
53053	32.93812601
53055	33.06411627
53057	33.5426976
53059	0.240979131
53061	25.50848514
53063	4.560275834
53065	24.26058598
53067	16.99354469
53069	29.63978371
53071	31.41638435
53073	72.76573459
53075	23.7226388
53077	25.29797164
54001	20.4977864
54003	12.43337552
54005	1.071521641
54007	24.19147574
54009	3.047403873
54011	20.56892104
54013	22.44708331
54015	13.0490138
54017	24.1705086
54019	15.4353664
54021	2.072089279
54023	13.65812756
54025	5.199360402
54027	18.93186997
54029	10.48362224
54031	25.52777449
54033	24.44286076
54035	34.20827054
54037	16.05239062
54039	11.80885407
54041	5.284556271
54043	24.97311205
54045	4.116675978
54047	0
54049	5.25958469
54051	4.317189133
54053	13.99561939
54055	25.42683338
54057	21.0258572
54059	21.36714573
54061	10.87131041
54063	1.00796915
54065	25.51544952
54067	5.793925664
54069	9.223293662
54071	4.028555352
54073	29.05884378
54075	30.72407533
54077	0.270129595
54079	46.20933796
54081	22.2169913
54083	22.89874437
54085	31.77500704
54087	7.969496301
54089	3.781658906
54091	17.03678322
54093	12.62358696
54095	3.403174962
54097	1.038884807
54099	9.527367407
54101	3.963253077
54103	13.94581451
54105	2.514680249
54107	43.43760432
54109	1.159175095
55001	18.95492311
55003	3.181221382
55005	16.23791687
55007	31.40125523
55009	8.3085439
55011	25.17336674
55013	26.26250959
55015	24.66959322
55017	10.1192698
55019	18.22902213
55021	18.18777722
55023	8.861627702
55025	5.924890317
55027	34.56787944
55029	22.69117083
55031	7.806264349
55033	13.2933373
55035	25.6744104
55037	16.69313118
55039	26.88881969
55041	43.43622301
55043	13.9997962
55045	37.63920532
55047	12.81982399
55049	14.38960038
55051	6.986669181
55053	12.69796279
55055	19.25548167
55057	35.56066758
55059	9.105901205
55061	14.5114489
55063	27.71758062
55065	0.348933217
55067	20.88341472
55069	15.38591877
55071	30.14877501
55073	17.06146892
55075	15.84970915
55077	20.74731175
55078	18.01486455
55079	1.66016275
55081	29.67358447
55083	13.09210475
55085	14.40523156
55087	11.84250901
55089	11.95920191
55091	14.56183481
55093	30.17216042
55095	0
55097	12.96417603
55099	2.224519686
55101	25.16584646
55103	11.56787142
55105	29.5924876
55107	20.52378409
55109	30.90488565
55111	20.881327
55113	12.9962012
55115	5.237753611
55117	28.94696178
55119	15.46898116
55121	9.909388029
55123	20.5350226
55125	2.257663515
55127	17.37534823
55129	12.14927028
55131	29.98245463
55133	19.66202954
55135	14.48322428
55137	41.05694717
55139	15.32311139
55141	1.25964146
56001	30.72833761
56003	26.37388655
56005	40.10320903
56007	18.65292256
56009	22.62960969
56011	54.11113456
56013	12.53724894
56015	72.56560736
56017	15.3663995
56019	29.42946591
56021	8.190977473
56023	19.99743158
56025	24.09262482
56027	13.64836995
56029	42.766203
56031	21.92971787
56033	21.07948903
56035	20.7550381
56037	44.56883342
56039	20.04705549
56041	30.57050519
56043	29.17452661
56045	20.22041443
72001	10.91540662
72003	17.20994869
72005	0
72007	0
72009	0
72011	0
72013	0
72015	0
72017	0
72019	0
72021	0
72023	0
72025	0
72027	0
72029	0
72031	0
72033	0
72035	0
72037	0
72039	0
72041	0
72043	0
72045	0
72047	0
72049	0
72051	0
72053	0
72054	0
72055	0
72057	0
72059	0
72061	0
72063	0
72065	0
72067	0
72069	0
72071	0
72073	0
72075	0
72077	0
72079	0
72081	0
72083	0
72085	0
72087	0
72089	0
72091	0
72093	0
72095	0
72097	0
72099	0
72101	0
72103	0
72105	0
72107	0
72109	0
72111	0
72113	0
72115	0
72117	0
72119	0
72121	0
72123	0
72125	0
72127	0
72129	0
72131	0
72133	0
72135	0
72137	0
72139	0
72141	0
72143	0
72145	0
72147	0
72149	0
72151	0
72153	0
